<?xml version="1.0" encoding="UTF-8"?>
<project-private xmlns="http://www.netbeans.org/ns/project-private/1">
    <editor-bookmarks xmlns="http://www.netbeans.org/ns/editor-bookmarks/2" lastBookmarkId="0"/>
    <open-files xmlns="http://www.netbeans.org/ns/projectui-open-files/2">
        <group>
            <file>file:/C:/Users/RadwaN%20RomY/Documents/NetBeansProjects/LibraryManagementSystem/src/librarymanagementsystem/login.java</file>
            <file>file:/C:/Users/RadwaN%20RomY/Documents/NetBeansProjects/LibraryManagementSystem/src/librarymanagementsystem/mainframe.java</file>
            <file>file:/C:/Users/RadwaN%20RomY/Documents/NetBeansProjects/LibraryManagementSystem/src/librarymanagementsystem/signup.java</file>
            <file>file:/C:/Users/RadwaN%20RomY/Documents/NetBeansProjects/LibraryManagementSystem/src/librarymanagementsystem/LibraryManagementSystem.java</file>
            <file>file:/C:/Users/RadwaN%20RomY/Documents/NetBeansProjects/LibraryManagementSystem/src/librarymanagementsystem/splashscreen.java</file>
            <file>file:/C:/Users/RadwaN%20RomY/Documents/NetBeansProjects/LibraryManagementSystem/src/librarymanagementsystem/javaConnect.java</file>
            <file>file:/C:/Users/RadwaN%20RomY/Documents/NetBeansProjects/LibraryManagementSystem/src/librarymanagementsystem/newbook.java</file>
            <file>file:/C:/Users/RadwaN%20RomY/Documents/NetBeansProjects/LibraryManagementSystem/src/librarymanagementsystem/forgot.java</file>
        </group>
    </open-files>
</project-private>
